Обновлено 20.07.2017;;;;;;;;;;;;;;;;;;;;;;;;;;;;;;;;;;;;;;;;;;;;;;;;;;;;;
Среднемесячная номинальная начисленная заработная плата работников по полному кругу организаций  по субъектам Российской Федерации в 2013-2017 гг., рублей;;;;;;;;;;;;;;;;;;;;;;;;;;;;;;;;;;;;;;;;;;;;;;;;;;;;;
;;;;;;;;;;;;;;;;;;;;;;;;;;;;;;;;;;;;;;;;;;;;;;;;;;;;;
2013;;;;;;;;;;;;;2014;;;;;;;;;;;;2015 1);;;;;;;;;;;;2016 1);;;;;;;;;;;;2017;;;;
;январь;февраль;март;апрель;май;июнь;июль;август;сентябрь;октябрь;ноябрь;декабрь;январь;февраль;март;апрель;май;июнь;июль;август;сентябрь;октябрь;ноябрь;декабрь;январь;февраль;март;апрель;май;июнь;июль;август;сентябрь;октябрь;ноябрь;декабрь;январь;февраль;март;апрель;май;июнь;июль;август;сентябрь;октябрь;ноябрь;декабрь;январь;февраль;март;апрель;май
Белгородская область;20381;19644;21027;21701;21906;22323;23129;22271;21870;22496;22588;27553;22459;21474;22816;23170;23546;24131;24620;23700;23682;24263;24016;29821;23826;22825;24472;24488;24958;25671;26183;25133;25279;25498;25143;30886;24434;24509;26211;26134;26375;27292;27670;27103;26669;26836;26720;32472;27448;26590;28697;28968;29050
Брянская область;16774;16632;17835;18264;19884;20178;19035;19198;18718;19578;19695;23961;18885;18540;19822;21232;20837;22116;20752;20240;21029;20817;20806;24668;19769;19742;20873;21412;22750;23130;21773;20952;21317;21334;21427;25132;20909;20921;21677;21797;24306;24490;22465;22701;22689;22481;22661;27210;21369;22706;23331;23591;25192
Владимирская область;18380;18563;19204;19567;19810;20352;20784;20594;20037;20825;21026;26098;20673;20429;21487;22078;22467;24203;22402;21541;22007;22429;22207;27398;22227;22307;23243;23415;23800;25783;23714;23164;23321;23702;23943;28870;23084;23341;24622;24595;25553;27588;25042;25582;26161;26897;26020;30852;24697;25369;26488;27155;27799
Воронежская область;19668;19332;20476;21749;21628;22648;22782;22057;21994;22632;23283;28195;21705;21200;22197;24081;24029;24594;24543;23425;23714;24199;24191;30172;23096;23065;23998;24638;25055;25934;25239;24790;24366;25119;25001;30123;23704;24285;25486;26397;26668;28224;26623;26513;26375;26671;27395;32755;25002;25287;27248;28035;28144
Ивановская область;16530;16782;17943;18154;18689;20228;18435;18145;18321;18985;19532;25480;18871;18601;19260;19871;20180;21951;20383;19380;20074;20662;21003;26508;20247;20253;21074;20741;21209;22876;21053;19606;20221;20623;20525;26201;19971;20531;21107;21490;22364;23857;21663;20975;21494;21823;22279;27911;20518;20917;22107;22066;23239
Калужская область;24091;23042;24701;24852;25565;26138;26261;25108;24915;26253;25670;32547;25796;25439;26519;27478;28285;28260;29032;26520;26971;28241;28382;34752;27321;27054;28207;28732;29026;30063;31233;28458;28597;29305;29641;35556;28515;29040;30467;30878;31580;32312;31772;31248;30697;31149;32237;38121;30252;30818;32259;32690;33191
Костромская область;17873;17122;17992;18849;18578;19539;19652;18685;18837;19277;19979;24379;19688;19070;19819;21013;20767;21272;21683;20035;20127;20694;20852;25560;20396;20180;20798;21838;21943;21889;22496;21178;21224;21519;21368;25720;20861;21521;21859;22814;22946;22870;23139;22912;22565;22740;23016;28269;21890;22268;22958;24458;23730
Курская область;18592;18173;19440;20783;20555;20781;22143;21248;20661;21559;21710;27544;20866;20434;21570;23112;23327;23420;24078;23039;22763;23260;22879;29183;21820;22154;22646;23497;23630;24107;24250;23561;23436;23882;23450;29823;22556;23341;23724;25442;24924;25868;25889;25117;25076;25051;25084;31641;24391;24823;25368;27162;27146
Липецкая область;19531;18843;19936;21436;20989;21838;22558;20812;20845;22816;21227;28692;20997;20175;22014;23272;23355;23836;24752;22423;22694;24623;22821;30870;21936;21680;23192;24879;24054;24794;25694;23388;23384;25612;23420;32202;22976;23101;24043;26933;25550;26659;26606;25260;24893;27076;25222;34459;25479;25139;27005;28908;28153
Московская область ;32605;32320;34035;34562;35004;36740;35778;34751;35759;36403;36494;46878;35674;35206;37407;38664;38548;40265;38916;37414;38480;39120;39423;49490;38017;37331;39084;40030;39956;41722;39880;38483;39699;40315;40169;50023;39593;39916;42053;42434;43119;46033;42169;41417;43659;43275;43694;54239;43561;42189;45688;45133;46479
Орловская область;16866;16728;18042;18450;19186;19846;19400;19535;18644;19627;19127;24575;19024;18779;19468;20193;20920;21997;20910;20012;20110;20509;20530;27196;19584;20002;20796;20743;22066;23240;21412;21237;21292;21458;21273;26825;20270;20696;21645;21894;23309;25059;22245;22572;22682;22704;23280;28688;22270;22336;23833;23874;24952
Рязанская область;19392;19154;21289;21272;21784;23025;21521;21663;21261;22386;22811;27665;21495;21295;22937;23677;23851;24968;23346;23045;23259;23896;24049;29678;22679;23390;23734;26320;25578;26576;25370;24618;24749;25568;25040;30999;24159;24896;25673;26350;29337;28887;27229;27578;27137;26942;27174;34394;26263;26550;27785;28661;30910
Смоленская область;17946;17663;18583;20486;20038;20263;20734;20584;20248;20805;21076;26515;19927;20130;20984;22454;21960;24033;21786;20890;21255;21676;21258;27282;21005;21340;21832;23110;23082;24469;22915;22035;22609;23132;22650;29494;22471;23527;23761;25162;25067;27943;24470;24503;24442;24253;24590;31160;23999;24591;25410;26158;26145
Тамбовская область;17162;16529;17276;18236;19287;18839;19503;19415;18768;19970;20453;23589;18850;18372;19030;19867;20108;21779;20489;19795;20494;21381;21542;27302;19849;19867;20334;20862;22832;22821;21418;20969;21394;21745;21734;26678;20468;20569;21317;22156;23774;24528;22032;22312;22405;22734;23447;28174;22263;21441;23249;23125;25300
Тверская область;19518;19800;22180;22637;22760;23315;23208;22768;22340;23334;23349;30923;22219;22327;23421;24863;24539;25798;24908;23291;24908;24568;25121;30722;22756;23435;23674;24752;24867;26405;24469;23246;24079;24572;24584;30895;23456;24690;25155;25456;26301;28348;25279;25026;25853;25527;26091;31990;24906;25752;26353;27063;27704
Тульская область;20616;20586;21777;22079;22562;23056;23576;23223;22614;23530;23865;29240;23448;23473;24530;25102;25277;25981;26318;25285;25512;25974;26101;31700;25845;25562;26884;26969;27369;28048;27676;26583;26761;26853;26716;31782;26724;27130;27912;27862;28817;30100;29211;28782;29259;28849;29154;34994;28496;28845;30681;30602;31040
Ярославская область;20772;20845;21338;22449;22315;23209;22716;22210;22341;22980;23564;29705;22824;22618;23789;25150;25122;26198;24690;23811;24675;24987;25806;31575;24466;24197;25491;26373;26967;27996;26230;25241;25934;26366;26737;32716;25725;26022;27410;28002;28997;29911;27535;27317;28038;28318;28950;35445;27778;27900;29505;29847;31069
г.Москва ;48817;49587;55049;59134;54223;58548;58039;53349;52893;54355;54882;76238;53584;54673;59754;64338;58422;62608;61610;56683;59658;61132;61235;82593;56095;60322;61040;66127;64908;66562;64927;59912;60424;61527;62452;88624;60162;67092;70551;74733;69772;73215;69015;68728;66920;67025;67899;98436;73826;73846;80117;86759;76916
Республика Карелия;25350;25226;26102;26166;27783;29946;27758;26785;26947;27462;28703;34748;27961;26918;29453;28091;29534;32317;28691;26835;28174;28376;29326;35726;28419;27980;30175;29690;30932;32995;29924;27704;29433;30278;29609;36704;29920;31717;31192;31425;33664;35768;31468;31037;31576;32173;32112;38992;32782;33771;35118;34788;35265
Республика Коми;34563;33627;34816;39357;37414;37565;37619;36727;36006;36386;36549;47217;37145;36049;38566;42586;40402;42131;39110;37216;37288;38662;38117;49734;37973;37161;39629;43828;41398;42932;39668;38635;38758;39074;39412;50718;40969;41146;42897;44054;46701;48066;42144;40926;40434;40613;41285;51986;40671;41851;44340;45568;49613
Архангельская область;30121;28154;30218;31447;32512;33578;32965;31037;30969;32479;32066;44541;33650;31975;33881;35696;36816;38286;35429;32134;34077;35081;35027;45634;36159;34503;36831;37913;40632;42805;37663;34473;36390;37340;36537;47070;38593;37553;39885;40275;44072;45268;40495;38251;39185;39664;39805;49152;40082;39381;40653;42069;46123
Ненецкий автономный округ;59599;54525;61019;63366;63856;64454;64362;60196;57105;60576;57641;83400;63697;58564;67100;67827;65867;69436;67590;60672;63340;61844;63360;91657;67452;62424;67857;69878;79157;87891;68541;61049;65341;65469;65017;91780;71601;65272;70950;71649;80029;76576;70173;65245;66006;67387;66211;87751;72299;66344;71920;76616;84418
Вологодская область;24570;23918;23910;24789;24562;25442;24797;24313;24016;24721;24734;29944;24893;25204;25314;27138;26323;27376;26119;25256;25732;26199;25889;35732;25253;25747;26266;27935;28040;28952;26816;26472;26535;27103;26906;31563;26873;29420;29703;27837;29466;31225;28337;28625;28350;28829;29000;34733;28099;31217;31794;29647;31055
Калининградская область;22347;22242;22957;24465;24783;25701;25236;25022;24295;25704;27538;34930;25584;25130;26669;26667;25823;26179;26226;24879;26254;27642;26746;35577;25680;26231;28005;27766;28872;28870;28868;27556;28011;28868;28075;36457;27440;27746;29088;29540;29914;30372;29514;28817;29147;28653;29342;38153;28506;29255;30429;31210;31157
Ленинградская область;26804;26921;28661;29519;29449;30266;30014;29703;28823;29399;29413;35752;29435;29468;31045;33038;31865;32628;32218;31398;31279;32700;31858;38448;32089;33099;33347;34539;33237;34177;34017;33184;32648;33280;33144;38862;32810;34272;34922;35915;36033;36393;36159;35206;35075;35712;35491;42330;35063;36140;37943;38199;38796
Мурманская область;36284;34960;37815;40443;42613;40793;38747;35384;36136;40702;39288;56446;40027;38665;40619;44733;47107;44548;42042;36420;38741;42301;41297;57845;41449;41466;42660;47139;50217;46777;45529;39090;42299;45511;45099;59297;45063;46365;46207;50499;53454;50841;47721;43330;44013;46320;47396;63276;47568;48328;48875;51789;56704
Новгородская область;21011;20513;22032;21912;23097;23433;23777;23476;23540;23569;23450;29002;22792;23087;24154;25227;24743;25475;25609;24649;24836;25029;25177;31221;25266;24268;25457;25359;26511;26376;26908;26098;25741;25763;25773;31686;25343;26042;26720;26362;27826;28428;28436;27956;27830;27494;27358;34388;26801;25799;28384;27903;29380
Псковская область;18077;17519;18289;19931;20643;21325;19490;19104;19040;19886;19419;24513;19232;18902;19648;20947;21129;22342;20948;19714;20271;21045;20723;25694;19972;20062;20740;21130;22068;22513;21309;20664;20970;21380;20944;25529;20693;21185;21414;21736;22532;23632;21872;21387;22039;22319;22027;26454;21182;21290;22565;22747;24331
г.Санкт-Петербург;32618;33117;36375;36296;36320;38745;37333;35861;37068;37367;38720;51019;36000;36196;40475;40196;39000;41758;40976;37705;39615;40509;41235;54444;39647;40550;42598;44144;42656;44813;43407;40520;41709;43215;43479;57603;42104;45919;48407;46919;47370;50521;48483;46084;47192;47908;48591;65086;47771;51024;53271;53261;52269
Республика Адыгея;17050;17389;18369;18308;19540;20209;17801;17892;18269;18697;19423;25179;18983;19001;19679;20433;20850;22129;19645;19528;20072;20725;21324;27250;20110;20447;20977;21748;22242;23595;20434;20964;20725;21789;21836;27194;20972;21507;22047;22093;23667;24943;21595;22096;22631;22400;23527;28359;21982;22618;23604;23029;24773
Республика Калмыкия;15957;15061;16615;16439;17113;18957;17213;17061;17316;17615;17652;24789;17877;17146;18204;18826;19973;22153;18198;18006;18840;18690;19773;24921;18259;18999;18726;19356;21458;22664;18939;18536;19391;19227;19703;25529;18644;19660;19846;19326;22195;23266;19450;20406;21225;20561;21288;27656;20203;20999;21751;22046;24551
Республика Крым;;;;;;;;;;;;;;;;;;;;;;;;;17912;18844;21422;20130;21314;24462;22838;21570;23135;23933;23790;30222;22979;22687;23875;23516;24632;28834;24853;24763;26222;24921;25105;30795;23599;24017;25125;25284;26323
Краснодарский край;21815;21353;22768;23141;24182;24060;24109;24547;24164;24926;25202;31411;24319;23503;25386;27323;25449;26906;25670;25342;25512;25097;25139;32102;24371;23753;26239;26440;26964;27290;26865;26596;26529;26573;25984;32872;25233;25833;26906;27660;29098;28967;28362;28893;29004;28768;28429;35914;27152;28174;29390;29526;31297
Астраханская область;19125;20565;20292;23410;21489;22640;22505;22985;21366;22690;22467;30764;21643;22142;22778;25999;23677;24984;24119;24838;23472;24047;23907;31973;23015;23973;24037;27167;25133;26861;25047;25605;24488;24127;24150;32070;23737;25083;24850;26265;29178;28604;26207;27424;26324;25324;26118;33915;24362;26040;27129;30942;28013
Волгоградская область;18879;18678;19722;20825;20590;21245;21561;21249;20877;21047;21623;27759;21723;21536;22509;23901;22764;25021;23817;22985;24028;23745;24104;31059;22108;22179;23064;23814;23670;25470;23825;23209;23581;23554;24491;30488;23229;24077;24614;24978;26217;26969;24981;25070;25179;25004;26085;32580;25622;25546;26946;27509;28621
Ростовская область;19455;19261;20431;21133;20891;22054;21448;21093;21033;22020;22251;28353;21017;20838;22264;23332;23175;24739;23524;22561;23323;23626;23661;29661;22203;22512;23563;24377;24396;25736;24917;23592;24266;24434;24564;30024;23403;24162;25161;25856;26320;28285;26619;25723;26599;26791;26776;33992;25421;25750;27390;28034;28256
г.Севастополь;;;;;;;;;;;;;;;;;;;;;;;;;19227;19963;24015;21951;21967;23933;24714;21992;23977;25385;25062;38054;23651;25511;24799;26698;26616;29258;26002;25063;26277;26274;25579;36663;25682;26011;28188;26302;25652
Республика Дагестан;14320;14304;17235;16072;17614;18573;16896;16729;16947;17022;18522;21915;16995;17555;18841;18713;18751;20770;18829;17438;19074;18773;20657;26374;17452;18644;18482;18166;19001;21359;18630;17105;18839;18415;18303;24155;17783;18981;19303;18654;19982;22103;19366;18455;20156;19269;19840;25517;18320;19633;20526;20248;22383
Республика Ингушетия;17194;18902;20238;20754;22113;24085;22632;19064;20959;22080;22053;27353;23258;20242;20627;20411;20637;22750;21934;20209;20499;21488;23565;27300;22055;21893;21813;21597;22724;22963;22218;19916;20398;20579;20395;24861;20118;21431;20734;20525;21797;23498;20993;20767;20963;20626;21356;25480;20669;21078;21168;21346;22760
Кабардино-Балкарская Республика;16648;16739;17353;17140;17794;18753;18383;17369;17778;18459;19102;23689;18601;18096;18813;18886;19545;20192;19713;18592;19328;19646;20695;24267;19397;19456;19699;19720;21358;21490;21179;19786;19996;19883;20156;24173;19725;20497;20594;20362;21281;22568;21381;20799;21233;20914;21359;27120;19820;20163;20691;21188;21219
Карачаево-Черкесская Республика;16048;15455;16616;17294;17987;18558;17669;17025;17738;17904;18812;24304;18405;17741;19222;18689;19057;20523;20328;18792;19430;19113;20814;25857;19064;19510;19979;19528;20186;22772;20779;19782;20117;19622;19932;25015;19640;20323;20598;20140;21171;23108;21516;20657;21664;20585;21540;26426;20773;20844;22248;22186;22836
Республика Северная  Осетия - Алания;17856;17405;17349;17995;18617;19238;19375;18423;17958;18615;19978;31110;19698;18860;19696;19414;19438;22428;19686;18225;19218;19427;20457;27254;19601;20066;20241;20283;21456;23906;20443;19148;19988;19918;20269;27118;20170;21388;21271;20707;22871;24600;20829;20439;21168;20965;21683;28911;21163;22080;22413;20938;23598
Чеченская Республика;18692;18328;20224;20050;23409;23850;20920;20856;22035;20925;21706;29142;21185;21147;22141;21231;22067;23714;21596;20945;21950;21776;22092;26120;21394;22223;22236;21704;23003;21713;21595;20717;21623;21368;21545;26089;21196;21914;22364;21897;22301;22999;21816;21189;22326;22376;22646;27572;21623;22819;23281;22768;22874
Ставропольский край;17742;18120;19058;19480;20073;21891;21021;20647;20373;21112;21391;27632;19884;19661;21036;22023;22002;23613;23545;22142;22081;22584;23440;28677;21380;20656;22506;22603;22965;24207;24890;23776;23306;23581;24011;30240;22187;22836;23509;24081;24861;26803;25727;25688;25685;24962;25505;32761;24245;23833;25445;25751;25991
Республика Башкортостан;20138;20070;21379;23174;22672;22759;21841;22246;21733;22470;23139;27957;21788;21612;22492;25506;24172;25306;24222;24359;24964;24974;25333;31037;24145;23835;24544;25562;26008;26297;25607;25583;25368;25714;26171;31694;24922;25163;26163;29066;28840;27875;26786;27519;28109;27218;28109;34050;26760;26998;28093;29140;31983
Республика Марий Эл;16041;16715;17319;17964;18380;19300;18910;18731;18278;18373;19306;23571;18745;18071;19054;19827;20446;21483;20425;19556;20164;20664;21012;26700;18883;19568;20630;22476;21882;23143;21310;20843;20937;24404;21403;28613;20332;20296;22104;22076;24667;24572;23726;22648;22513;22098;23094;31118;21995;22764;26816;23617;28832
Республика Мордовия;16060;15992;17333;17203;15806;19026;18784;18513;18106;18215;18591;22978;17419;17937;18622;18768;19216;20193;20722;20246;20739;20350;20688;26276;19404;20052;21308;20993;23252;23558;22031;21957;22646;21361;21286;27294;20285;20619;22267;22652;23258;24460;22967;24315;23860;23284;23784;28381;22026;22078;24134;23604;24727
Республика Татарстан;23042;22943;24242;25632;26225;25758;25762;25266;25534;26020;26422;35196;25698;25259;26463;28024;28915;28975;27826;27533;27971;28555;28396;36547;27119;26762;27759;29005;30882;30288;28918;28006;28648;28730;28498;37412;27988;27843;29279;29681;32211;31748;29589;29794;29655;29463;29943;38624;29300;29645;31543;31874;33377
Удмуртская Республика;19139;19075;19868;21204;21506;21505;21652;21588;21081;21865;22087;26848;21438;21925;22606;23511;23484;23996;23665;23027;24113;23563;23760;29333;23260;23018;24227;25266;26143;26086;24912;24605;25226;24981;25193;30457;24695;24093;25347;25770;27807;27814;25944;25910;26383;26682;27046;32192;25802;26457;27216;28218;30134
Чувашская Республика;16892;17047;18293;18731;19148;21100;19381;19345;19502;19484;19854;24618;18868;18636;19711;20225;20980;23076;20538;19794;20749;20724;20483;26517;19683;19612;20516;21015;21518;22985;20623;20495;21060;21020;20690;26884;19956;20364;21652;21467;22342;24749;21582;22437;23573;22972;23004;28962;21694;21975;23506;23592;24743
Пермский край;21780;21474;22901;24140;24240;25733;24501;24127;24174;24606;24684;34898;25656;24280;25415;27408;26780;27970;26963;25874;26276;26469;26593;36869;25826;25446;27417;28248;27984;29541;27997;27112;27444;27535;27276;37321;27347;27883;29344;29732;30391;31992;30433;30025;30168;29914;30389;40244;29905;29812;31884;32565;32767
Кировская область;17276;17168;18384;18405;18904;19285;19858;19312;18788;19764;20099;24656;19514;19096;20062;20242;21086;21520;21631;20359;20540;20809;20735;25580;20483;20074;21217;21452;22381;23578;22016;21195;21499;21808;21584;26435;21748;21539;22887;22761;23713;25211;23387;23326;23130;23542;23671;28671;22889;22702;24163;24217;24900
Нижегородская область;20429;21122;22179;23228;23740;24356;23421;23096;23118;23888;24376;32455;23538;23747;24684;25591;25913;26544;25219;24751;24971;25900;25629;34899;24447;25657;25838;26674;26834;27629;26533;24755;26199;26269;26386;34263;24959;26241;26731;27673;28570;29323;26889;27163;28040;27481;28717;37262;27493;28424;29554;30301;30865
Оренбургская область;18861;19510;20632;21238;21119;22345;21510;21575;21239;21393;21602;27265;21531;21378;23545;22849;23970;24365;23496;23436;23475;23297;23072;27966;22886;22876;23900;25446;25851;26033;25432;24353;24428;24140;24022;29860;23821;24287;25159;25823;27524;27221;25434;26443;25698;25258;25393;31471;25214;25229;26604;27125;29285
Пензенская область;18138;17809;19417;20003;20350;20741;21016;20978;20690;21092;21583;25972;20285;20136;21068;22361;22281;22368;23059;22319;22438;22606;22638;27459;21437;21577;22316;23300;23769;23697;23967;23473;23027;23242;23089;27664;22693;22839;24101;25114;25395;25987;25709;25770;25259;25309;25566;31319;23529;23874;25879;25470;27047
Самарская область;21228;20620;22032;23116;23073;23561;23410;23507;23087;23956;24486;29276;23579;23207;25587;25815;25314;26101;26735;24408;25618;25842;26445;32647;24743;24786;25731;28177;27131;28021;27919;25901;26609;27607;26905;33794;25872;26387;27140;27218;30076;29916;28342;28180;27934;28022;28412;34701;27436;27172;29212;30215;32260
Саратовская область;18526;18303;19567;20254;20493;20853;20723;20187;19915;20442;21130;25597;20174;20019;20805;22229;21941;22535;22299;21418;21536;22132;22006;26932;21026;21126;21603;22901;22929;23591;22742;22031;22192;22082;22049;26221;21677;21923;22521;22972;23774;24266;22798;22698;22794;22634;22961;31197;22501;23133;23960;24027;25070
Ульяновская область;16833;17361;17930;18309;18978;19303;19798;19255;18709;19541;20017;24074;19381;19206;19817;20608;21306;21827;21180;20532;20781;20930;21099;26487;20407;20874;21755;22558;23146;23472;23097;21852;22266;22823;22594;28705;22205;22847;23711;23656;24368;25443;23876;23905;23930;24246;24576;30415;24176;24069;25406;25353;26255
Курганская область;17057;17050;17983;19267;19569;20686;19650;18700;19542;19437;19871;25242;19722;19056;19532;20660;21178;21787;21328;20463;20905;20832;21288;26585;20146;20411;21151;20641;22501;22541;21944;21612;21723;21614;21483;26999;20931;21113;22597;22021;24453;25174;22735;22676;23089;22944;23491;29325;23362;22697;23862;24017;26561
Свердловская область;25338;24945;26795;27908;27184;28388;28201;27290;27400;28669;28882;34823;28043;26972;28518;30103;29885;30956;29856;28168;28986;29937;29917;35999;29054;28653;30348;31108;31166;32649;30921;29252;30158;30548;30623;37607;29962;29874;31310;31782;32826;34128;32046;31638;32280;32631;33321;41030;33779;32854;34061;34662;35985
Тюменская область;44536;45270;50646;54603;51194;53353;49390;48364;50999;47499;47248;68674;48190;48529;56467;58140;56376;57847;53117;49492;55114;50186;49002;71191;50294;51028;55293;63238;59499;60386;55501;52557;56410;52428;51528;73564;54950;55161;59319;63085;67432;65263;58536;55512;59785;55279;54077;78722;56348;55990;62888;68410;72097
Ханты-Мансийский  автономный округ;47161;46898;55059;53998;53742;57843;51975;50908;56750;50692;50511;78513;50575;50390;61452;57310;59415;62304;56342;51679;60698;52663;51041;80911;53192;52931;60138;63379;61574;65525;58886;54270;61707;55191;53451;82993;57415;57026;63101;61447;70641;71075;60900;56362;65031;57276;55641;87980;58803;56605;65695;66171;74860
Ямало-Ненецкий автономный округ;62592;65436;65852;86809;73132;71518;67553;65470;65447;63345;62171;84048;67195;68252;73468;90185;81474;78333;72266;68011;71796;68029;67112;87911;70116;71151;71949;99227;86302;79281;74963;72817;73213;70439;71081;89941;77880;77993;80438;101554;94769;86720;82526;78247;77393;75630;74205;98971;80645;80876;86090;109343;105414
Челябинская область;22949;22902;23715;25597;25327;26149;26215;25602;25538;26659;26721;32901;26101;25527;26473;28258;27418;28482;28108;27077;27517;28611;28059;34098;27459;28120;28883;29922;29926;30524;29853;28566;29020;30191;29791;35282;29158;28652;30166;30720;30988;31900;30474;30161;30389;31270;31095;37504;29266;29324;31040;32335;32727
Республика Алтай;19126;17897;19398;19593;20349;23653;19135;18656;19599;20307;20554;28664;21346;19868;20752;21745;23068;25434;21455;19904;21416;21696;21121;29722;21124;21587;21717;22048;24031;26277;21277;20215;21671;21977;21767;28968;21885;22499;23172;22514;24464;28603;22444;21976;23158;22583;23610;31033;22797;24093;24005;24825;26930
Республика Бурятия;22841;22022;23838;25403;26317;29117;25036;24078;24918;26027;26616;35754;26706;25020;26359;27010;27551;29979;26751;24166;26736;27763;28109;37489;26725;26245;27943;28009;29473;31950;27598;25379;27355;29003;28702;36460;28132;27838;28950;28904;30353;34014;28684;27138;28861;29886;30988;39184;28342;27571;32051;31339;32049
Республика Тыва;22458;21111;22966;24010;24823;28961;22574;21920;24874;28593;26274;38705;25753;23604;26331;25731;28055;34500;23263;22580;26561;32083;26333;38172;26258;25637;26965;27277;28879;36534;23790;23965;27321;32547;26906;38351;27290;27115;28275;27460;31310;38245;24076;24448;28231;33402;27727;39214;27688;28632;32939;29617;33609
Республика Хакасия;24601;23493;25458;25789;26723;29329;25963;26102;26754;27710;27235;35371;27807;26183;27992;27501;28604;31258;27621;26630;28147;29282;28975;37546;28476;28629;29668;29919;30570;32885;28396;28162;29172;30473;28918;36908;29312;29226;30118;31305;33399;36253;30271;30759;31613;32898;32283;40449;31597;31841;32520;33384;34701
Алтайский край;16266;15821;17029;17181;17588;18866;18068;17672;18053;18574;18664;23621;17809;17319;18597;18732;19356;20593;19515;18621;19451;19532;19679;24280;18408;18184;19307;19375;19993;20781;20239;19184;19582;19875;19669;24919;19209;19241;20048;20188;20802;22318;20918;20069;20873;20778;20821;27208;20302;20091;21807;21953;22504
Забайкальский край;24295;23847;25361;25358;26841;28718;26282;24885;26234;27271;27950;38160;27179;25920;27353;28061;29547;31652;28894;26157;28151;29557;29276;38089;28397;27790;28875;31088;32157;33990;30285;27594;30403;30348;30421;39022;29764;29693;30516;31116;32316;36054;31150;29611;32919;32201;32710;45031;31185;31083;32973;33237;34905
Красноярский край;28688;27890;29862;31408;31447;32033;31896;30808;30939;31720;32326;41088;31529;30815;33192;34032;35962;35341;33729;31295;32716;33445;33809;43008;33153;32409;33864;36818;37236;37097;35044;33148;34617;35208;35535;44711;35424;34666;36388;38502;40964;40200;36702;35568;36676;36988;37519;47647;35974;35886;37554;40295;42610
Иркутская область;26328;25685;27291;28098;30357;29992;28162;28083;28786;29562;30851;37640;29618;28645;30815;31604;31945;31811;30545;29758;29755;31033;32379;38981;30584;29855;31246;33862;33172;33636;32114;30792;31489;32561;32539;39653;32684;31767;33294;33134;37463;36591;33631;33198;33829;34558;35698;42940;34232;33813;36820;35824;40528
Кемеровская область;23134;23230;24634;24684;25678;26289;25011;24663;24796;25412;25680;31018;25531;24604;25812;26211;26989;27713;26156;25529;25968;26709;27047;32475;26829;25971;27315;27828;28635;29354;27873;27325;27703;28022;27913;33967;27669;27160;28670;28726;30339;31129;28852;29126;29196;29468;29760;37788;30157;29590;31704;31713;33701
Новосибирская область;23125;22579;24218;25022;24721;25540;25919;24862;25008;26279;26894;32898;25439;24571;26253;26786;26857;27560;27310;26760;26767;27613;28105;33972;26194;25816;27339;28281;27802;28876;28019;26963;27109;28177;28548;34588;26603;27102;28715;28921;29601;31171;29066;29097;29670;29747;30611;38053;30146;30071;32409;32484;33417
Омская область;22383;21834;23198;24688;24304;25880;24376;24043;24561;25210;25758;32260;24505;23915;24905;26365;26044;27774;25620;24441;25575;26782;26311;33452;25360;25128;26483;27440;28250;28833;27415;26113;26979;27724;27220;34243;25791;25991;27400;28162;29270;29932;27246;27505;28070;27917;28212;36202;26755;26693;29479;29579;30914
Томская область;26273;26705;28365;30010;31400;30951;30454;29937;29551;30232;31517;39906;29465;28621;31337;33831;32229;33009;32399;31159;31864;32466;32612;41077;31357;30522;32377;37532;33460;36777;32912;32218;32971;33117;33333;41013;31746;32018;33615;35623;40124;37550;34008;34285;34447;33534;34290;44323;35394;34634;36196;37669;43232
Республика Саха (Якутия);38767;38322;42181;43257;48043;49853;40931;39562;44153;44881;46302;78413;44616;43999;48889;48533;53547;55543;46660;41999;47271;47985;50482;80008;47295;49122;51556;52899;58526;60157;50065;44920;50348;52016;51149;81751;50716;50979;57885;54556;64863;64312;52951;50225;54143;53959;56120;90982;53285;55628;59395;59357;68590
Камчатский край;46060;40541;44676;49181;54896;49409;46560;44403;44771;47892;45734;66313;50390;46043;51912;52351;57941;53608;51055;49252;49667;52388;51156;68829;52495;49879;55027;58849;63684;57808;53781;52514;49842;55487;53974;71270;53089;52769;55189;60048;66731;61531;62826;56691;58716;62221;58402;76437;57404;57637;60183;66878;77043
Приморский край;27799;26500;27609;28521;29543;30620;29834;27904;28056;30270;31133;40030;30449;29412;31590;32381;32481;33859;32652;30258;30749;32125;32597;40735;31567;30906;32592;33895;34768;35414;33862;31860;32609;33397;33218;41735;33469;32707;34792;35244;37058;38663;35807;34001;34923;35346;36413;44955;35397;34439;36542;36660;38986
Хабаровский край;30847;29730;31564;33021;33124;34297;33732;32470;32738;34082;34975;45351;33217;32583;34301;35737;35826;37398;36409;35006;35351;36982;36564;45750;35703;34020;36113;38378;38157;38818;38043;36631;36944;38799;37464;47734;37081;36873;37685;38983;39779;40961;39770;41998;41414;42747;42476;53869;43224;42525;44750;44931;49015
Амурская область;28487;27152;28470;28441;29441;30809;29363;28723;28998;30228;29870;38746;29882;29197;30969;32062;32351;34219;31979;30242;31371;32449;31778;40631;29190;28781;30227;31090;31652;33654;32206;30781;31134;31932;31803;39901;30422;30050;32365;31095;33592;34856;32023;31425;33841;32744;33029;42113;33715;33136;35561;35184;37522
Магаданская область;52403;52914;52989;55151;58831;59156;54481;51309;55337;53791;58359;79864;54872;55059;55209;59340;65295;61243;61090;56334;61157;58536;67268;83226;57913;55172;59299;62604;68139;66733;63177;59878;68558;61071;71313;85685;57117;61823;61626;65484;71878;72626;66746;62399;70240;62773;82688;86509;61004;66821;66150;74258;79959
Сахалинская область;44706;43528;49032;45810;47698;48178;49517;48365;49119;48703;48194;59026;49936;49876;57824;52049;53714;55296;53694;51517;53596;54012;54456;68427;57974;61953;59032;59491;60034;60796;60942;58125;59567;59128;60464;77098;69384;63267;63914;63773;65400;67849;65814;64849;64666;63756;63174;79338;72213;65063;68047;66901;70052
Еврейская авт.область;25717;23360;25515;26200;27909;27982;27093;25653;25895;27166;27917;35512;27897;26308;27712;29488;29926;30286;29691;27400;28062;29433;28470;36829;27981;27759;28999;30884;31660;32298;31074;29054;30438;30897;29868;38251;29638;29545;30337;29579;33243;32305;31115;30982;31819;31479;32091;41470;30922;31605;33042;33862;35518
Чукотский авт.округ;65699;60541;68876;74151;69870;68136;69494;67370;66379;66438;72286;93444;71929;68199;72780;80236;79563;78584;77515;70334;71099;71273;75439;97495;72779;77003;76186;81235;83232;78803;82693;73809;70349;73120;76853;99592;75793;84819;82439;88761;89693;86309;86460;81459;78363;77838;81207;115093;80093;92452;92136;94719;94997
;;;;;;;;;;;;;;;;;;;;;;;;;;;;;;;;;;;;;;;;;;;;;;;;;;;;;
 1) Южный федеральный округ без учета данных по Республике Крым и г. Севастополю;;;;;;;;;;;;;;;;;;;;;;;;;;;;;;;;;;;;;;;;;;;;;;;;;;;;;
;;;;;;;;;;;;;;;;;;;;;;;;;;;;;;;;;;;;;;;;;;;;;;;;;;;;;
